id;first_name;last_name;telephone;gender;address;city;state;zipcode;pin
1;James;Butt;5046218927;M;6649 N Blue Gum St;New Orleans;LA;70116;1427
2;Josephine;Darakjy;8102929388;M;4 B Blue Ridge Blvd;Brighton;MI;48116;9840
3;Art;Venere;8566368749;M;8 W Cerritos Ave #54;Bridgeport;NJ;8014;4130
4;Lenna;Paprocki;9073854412;M;639 Main St;Anchorage;AK;99501;2010
5;Donette;Foller;5135701893;M;34 Center St;Hamilton;OH;45011;4561
6;Simona;Morasca;4195032484;M;3 Mcauley Dr;Ashland;OH;44805;6759
7;Mitsue;Tollner;7735736914;M;7 Eads St;Chicago;IL;60632;8565
8;Leota;Dilliard;4087523500;M;7 W Jackson Blvd;San Jose;CA;95111;1105
9;Sage;Wieser;6054142147;M;5 Boston Ave #88;Sioux Falls;SD;57105;4895
10;Kris;Marrier;4106558723;M;228 Runamuck Pl #2808;Baltimore;MD;21224;4694
11;Minna;Amigon;2158741229;M;2371 Jerrold Ave;Kulpsville;PA;19443;8694
12;Abel;Maclead;6313353414;M;37275 St  Rt 17m M;Middle Island;NY;11953;3675
13;Kiley;Caldarera;3104985651;M;25 E 75th St #69;Los Angeles;CA;90034;3084
14;Graciela;Ruta;4407808425;M;98 Connecticut Ave Nw;Chagrin Falls;OH;44023;7763
15;Cammy;Albares;9565376195;M;56 E Morehead St;Laredo;TX;78045;7216
16;Mattie;Poquette;6022774385;M;73 State Road 434 E;Phoenix;AZ;85013;6360
17;Meaghan;Garufi;9313139635;M;69734 E Carrillo St;Mc Minnville;TN;37110;7959
18;Gladys;Rim;4146619598;M;322 New Horizon Blvd;Milwaukee;WI;53207;2880
19;Yuki;Whobrey;3132887937;M;1 State Route 27;Taylor;MI;48180;4470
20;Fletcher;Flosi;8158282147;M;394 Manchester Blvd;Rockford;IL;61109;5657
21;Bette;Nicka;6105453615;M;6 S 33rd St;Aston;PA;19014;4643
22;Veronika;Inouye;4085401785;M;6 Greenleaf Ave;San Jose;CA;95111;4592
23;Willard;Kolmetz;9723039197;M;618 W Yakima Ave;Irving;TX;75062;4882
24;Maryann;Royster;5189667987;M;74 S Westgate St;Albany;NY;12204;8982
25;Alisha;Slusarski;7326583154;M;3273 State St;Middlesex;NJ;8846;3453
26;Allene;Iturbide;7156626764;M;1 Central Ave;Stevens Point;WI;54481;9863
27;Chanel;Caudy;9133882079;M;86 Nw 66th St #8673;Shawnee;KS;66218;1103
28;Ezekiel;Chui;4106691642;M;2 Cedar Ave #84;Easton;MD;21601;8738
29;Willow;Kusko;2125824976;M;90991 Thorburn Ave;New York;NY;10011;5167
30;Edith ;Cressvan;9266657243;M;395 Carrillo  Blvd;Laredo;TX;456567;4567
31;Paula ;Windsor;7564568767;M;1 Center St;Hamilton;OH;45011;4537
32;Kamal ;Awad;6788769232;M;4 State Roure 77;Taylor ;MI;3456;3456
33;Moussa ;Konate;6788977654;M;639 Other St;Middlesex;NJ;8846;4567
34;Josiane ;Hayes;6787458765;M;45 Berrard pl;Taylor;MI;48180;3854
35;Angela ;Wu;5766754354;M;56 Greenleaf Ave;San Jose;CA;95111;1211
36;Leslie ;Chang;9454789091;M;340  Mcauley Dr;Ashland;OH;44805;6590
37;Paulo ;Costa;6787569087;M;21 W Jackson Blvd;San Jose;CA;95111;4567
38;Joe ;Bonano;6785680989;M;40 Center St;Hamilton;OH;45011;3415
39;Aashna ;Kunjus;6899782345;M;120 Connecticut Ave Nw;Chagrin Falls;OH;44023;6789
40;John ;Pescarelo;9856789034;M;67 S Westgate St;Albany;NY;12204;9034
41;Anick ;Smith;7566789234;M;12 Cedar Ave #84;Easton;MD;21601;7856
42;Jane ;Karr;9137898978;M;70 Eads St;Chicago;IL;60632;1567
43;Mehta ;Singh;6786794567;M;6934 E Carrillo St;Mc Minnville;TN;37110;4567
44;Harry ;Lu;4206783456;M;69 Main St;Anchorage;AK;99501;8967
45;Robyn ;Baird;2456748767;M;4 A Blue Ridge Blvd;Brighton;MI;48116;4567
