payee_id;email_id;first_name;last_name;telephone;customer_id
1;ann.storm@gmail.com;Anna;Storm;7678976756;1
2;jagdeep.singh@gmail.com;Jagdeep;Singh;2567864564;1
3;tom.moody@gmail.com;Tom;Moody;6754567865;2
4;russel.peters@gmail.com;Russel;Peters;4567865676;2
5;andydave21@gmail.com;Andy;Dave;4356786567;3
6;urna@mi.co.uk;Idola;Wesley;8357683887;3
7;sit@magnaSed.edu;Petra;Burke;1371377448;3
8;lobortis@non.org;Quentin;Brynn;5225056351;3
9;Nullam.suscipit.est@malesuadavel.com;Neve;Kylynn;5667629909;4
10;lobortis.mauris.Suspendisse@tellusAeneanegestas.edu;Fiona;Amela;1365336545;4
11;eros@lectuspedeultrices.ca;Quamar;Phillip;6436147967;4
12;Ut.sagittis@quistristiqueac.co.uk;Sylvester;Penelope;8228803818;5
13;arcu@tinciduntorci.edu;Iris;Aurora;6139945227;5
14;Proin.nisl@odioa.com;Mechelle;Wallace;1511786913;5
15;dignissim.magna@placerat.net;Hu;Berk;4822020520;6
16;sit.amet.ultricies@etmalesuada.edu;Grant;Colette;9374708831;6
17;et.netus@anteVivamus.ca;Zenia;Igor;7262097532;7
18;in.dolor@lacusCras.com;Imogene;Acton;1769979572;7
19;Nulla@lacusEtiambibendum.com;Kasper;Frances;4833404250;7
20;faucibus.leo@Nulla.org;Brynne;Martena;1139388751;8
21;lorem.sit.amet@Suspendisseacmetus.com;Mohammad;Lani;9464831222;8
22;tempor.erat.neque@tempordiamdictum.com;Emma;Brandon;9212888784;8
23;molestie.sodales@imperdietnon.ca;Shea;Ina;7197902879;8
24;dui@Uttincidunt.org;Julie;Calvin;4461721445;9
25;justo.sit.amet@Aeneansed.net;Rebekah;Hedda;8672587885;9
26;erat.volutpat.Nulla@a.com;Tad;Ashton;6033066848;11
27;eu.dui@acipsumPhasellus.co.uk;Victor;Raya;5892110738;11
28;et.magna.Praesent@lacusAliquam.ca;Suki;Holly;2128794467;11
29;lacinia.vitae@Crassedleo.net;Oleg;Angelica;4323744112;12
30;varius.ultrices@inceptos.net;Shelley;Edan;9638876964;12
31;ut.ipsum.ac@egetvolutpatornare.ca;Christen;Mara;5995992683;12
32;mauris@ac.edu;Kellie;Walker;5225819076;13
33;nisi.magna@vestibulummassarutrum.co.uk;Yuri;Roth;7694128423;13
34;ornare@sitamet.com;Thomas;Tashya;4793529002;13
35;aliquam.arcu@euenimEtiam.edu;Knox;Nigel;4323069109;13
36;auctor@luctusetultrices.com;Alan;Quail;4078402197;14
37;auctor.ullamcorper@orcisemeget.co.uk;Farrah;Walter;3791322845;14
38;ullamcorper@temporbibendumDonec.edu;Tara;Emma;3686559618;15
39;Class@esttemporbibendum.co.uk;Lareina;Stephanie;9169214948;15
40;et.ultrices@convallisin.org;Kelly;Sage;2227119417;15
41;neque.pellentesque@Lorem.com;May;Iona;2282100059;15
42;pede.Nunc.sed@cubilia.net;Troy;Amaya;3618506988;15
43;accumsan@et.net;Rae;Yvette;2498845490;16
44;Pellentesque.habitant@magnamalesuada.ca;Ashton;Genevieve;7502703000;16
45;dictum@vitaeodiosagittis.ca;Baker;Xaviera;2026172128;16
46;et.magna@nascetur.edu;Edward;Acton;6562614436;16
47;netus.et@vulputate.net;Damian;Benjamin;5159460748;17
48;interdum.Sed.auctor@euneque.co.uk;Blaze;Griffith;2959587518;17
49;dis@Sed.net;Rylee;Quintessa;2567054384;18
50;nec.imperdiet@nequeSedeget.edu;Bradley;Thaddeus;5208517093;18
51;nec@acmattisvelit.net;Tamara;Marny;5503504634;18
52;luctus.aliquet.odio@inconsectetueripsum.net;Avye;Oleg;1854447681;19
53;et.risus@vulputateveliteu.ca;Guy;Uriah;2333739415;19
54;amet.ornare@tristique.edu;Macon;Hamish;9443275266;19
55;pharetra.nibh.Aliquam@nec.ca;Hedwig;Xandra;9463303657;20
56;condimentum.eget.volutpat@velsapien.co.uk;Uriah;Eugenia;9646280330;20
57;ullamcorper.velit.in@in.co.uk;Jennifer;Felicia;1438386187;21
58;convallis@congueIn.net;Jarrod;Paloma;2272832866;21
59;est.arcu.ac@egestasFuscealiquet.ca;Branden;Nolan;5516328848;22
60;nibh@Donecfeugiat.org;Yeo;Chastity;7385637292;22
61;imperdiet@diamatpretium.co.uk;Belle;Buffy;5171101983;22
62;adipiscing.elit.Curabitur@pellentesqueegetdictum.co.uk;Isadora;Athena;2428806947;23
63;at@tellus.com;Kyra;Ria;1176246939;23
64;malesuada.ut.sem@magna.co.uk;Aristotle;Elton;7868441565;23
65;in.magna@euplacerat.ca;Drake;George;6102163924;24
66;faucibus@auctor.org;Xavier;Kendall;7351206144;24
67;Integer.id.magna@nec.co.uk;Elijah;Serena;8133962898;25
68;ante.bibendum@ultricessit.com;Wang;Miriam;7963870784;25
69;nisi.dictum.augue@aliquameros.edu;Blake;Chester;4508712829;25
70;ipsum@elementum.net;Alexander;Ivy;8506430395;26
71;Curabitur@felis.com;Nissim;Yetta;3476774112;26
72;sit.amet.diam@varius.ca;Zorita;Orla;9369398026;26
73;tortor@libero.co.uk;Aladdin;Lev;4473138414;27
74;orci.Phasellus.dapibus@pharetrased.edu;Noelle;Roth;6186613885;27
75;dolor@pharetraNamac.org;Jonas;Bryar;5983269505;27
76;Fusce.aliquet@lectus.co.uk;Armand;Uriah;1037272753;27
77;lorem@mollis.ca;Hyacinth;Berk;3565690456;28
78;at.auctor@iaculisodio.org;Alexa;Hakeem;2908287131;28
79;non.leo.Vivamus@urnaVivamusmolestie.com;Abbot;Zeus;3488976504;28
80;vitae.odio@Aliquamultrices.org;Jonas;Wylie;8617559661;28
81;est.congue@vulputaterisusa.edu;Russell;Hector;6303142133;29
82;sit.amet@Curabiturvel.edu;Gray;Christian;6586344964;29
83;amet.ante.Vivamus@semperpretium.edu;Amena;Jennifer;3841448833;29
84;feugiat.Sed.nec@luctus.edu;Damon;Lillith;5052512407;29
85;Integer@ridiculus.co.uk;Hoyt;Lester;6663545994;29
86;neque.vitae.semper@venenatislacus.co.uk;Elton;Randall;8782068620;1
87;accumsan@Mauris.org;Basil;Ryder;3128889055;2
88;Quisque.purus.sapien@orci.edu;Nola;Chadwick;5729582180;3
89;litora.torquent@nibhAliquamornare.net;Libby;Aurora;2019053553;3
90;sed.tortor.Integer@a.com;Alvin;Shana;4871312130;35
91;amet.consectetuer.adipiscing@morbitristique.ca;Upton;Yeo;9492545474;22
92;Nulla.dignissim.Maecenas@utquamvel.edu;Russell;Tate;6145917700;23
93;aliquet@placeratorcilacus.org;Rahim;Nolan;9979123725;25
94;mauris.Suspendisse.aliquet@Proin.com;Brielle;Arden;5061929799;12
95;aliquet@felisDonectempor.co.uk;Abbot;Jamal;4277143151;15
96;cubilia@magnaseddui.co.uk;Shaeleigh;Vielka;5775364584;18
97;sollicitudin.commodo@sodalesnisimagna.ca;Elliott;Jerry;1573648695;18
98;Duis.risus@ipsumacmi.org;Brandon;Darrel;7699598894;20
99;sodales@turpisNullaaliquet.co.uk;Kenneth;Quynn;9596841159;20
100;a@sagittis.co.uk;Yen;Brendan;4884587353;13
101;consectetuer.euismod.est@velesttempor.ca;Keith;Kessie;1175917829;13
102;ut.eros@Fusce.ca;Timothy;Samuel;2216482839;13
103;libero.et.tristique@et.com;Josephine;Cruz;4646508273;14
104;amet.dapibus.id@risusodioauctor.edu;Sylvia;Rose;1478407674;14
105;neque@temporestac.com;Zahir;Lewis;6552424013;15
