id;login;password_hash;first_name;last_name;email;image_url;activated;lang_key;created_by;last_modified_by
1;jbutt;$2a$10$fZZ7Y6W0ySstNEW.zTkRDu.ZIGk9clc1mjGGaReVfuz8NOi0.rGxO;James;Butt;jbutt@gmail.com;;TRUE;en;system;system
2;jdarakjy;$2a$10$30ORU0.jfLZBjKPkN6tNX.P1d090/Su75LBHn1W4T2fOcJMcI/qXO;Josephine;Darakjy;josephine_darakjy@darakjy.org;;TRUE;en;system;system
3;avenere;$2a$10$KiQOB6dXmXMWjxb43r6TlOhtw3LhUCNdYKtNTSUzRZD31yPj6s33C;Art;Venere;art@venere.org;;TRUE;en;system;system
4;lpaprocki;$2a$10$5BO8ProWwoCbonNVuKSuD.GDNMMk6Of314BbxeokYA6A8Brzksdhu;Lenna;Paprocki;lpaprocki@hotmail.com;;TRUE;en;system;system
5;dfoller;$2a$10$rig3/UX1UCwJK2/DJmhwYek.cbdCoDA1tPvuKOmdd0nxoKmPv8vq.;Donette;Foller;donette.foller@cox.net;;TRUE;en;system;system
6;smorasca;$2a$10$5.6AWJQYDhT3AqTyTKhuFutG5X9ps3jjC7IgryPByB5EmnjsicH06;Simona;Morasca;simona@morasca.com;;TRUE;en;system;system
7;mtollner;$2a$10$XRt/g69b6hP8406GKCNT8ush2ksyIV4p1AGE0xfQbjvMf/abxu6/i;Mitsue;Tollner;mitsue_tollner@yahoo.com;;TRUE;en;system;system
8;ldilliard;$2a$10$ZSEvutpER.av../ZD5BMRuzr4vHQL8.845yvOJNb1WMKxN2iT2HDm;Leota;Dilliard;leota@hotmail.com;;TRUE;en;system;system
9;swieser;$2a$10$y7iw/1qWoMUblKt6LbAbue1Kty8/.HCquxolFsUjLgemdyiVXTeGu;Sage;Wieser;sage_wieser@cox.net;;TRUE;en;system;system
10;kmarrier;$2a$10$zHisAHwhGR311HHQUR8QO.IZXdMa7.ucte0M.jVy7lFV2wI0r77Va;Kris;Marrier;kris@gmail.com;;TRUE;en;system;system
11;mamigon;$2a$10$o418ts5GTVsb0.az5NYgmuAPYBslufN6REGCc13u8kENhvoPnB0ke;Minna;Amigon;minna_amigon@yahoo.com;;TRUE;en;system;system
12;amaclead;$2a$10$iFAEXneBVifFxBaqJ2yLieTM4DN7JrUK.1H8y99vr5s0ty8z1qIim;Abel;Maclead;amaclead@gmail.com;;TRUE;en;system;system
13;kcaldarera;$2a$10$SmE4JYnxanES.dIt.ZFNTuvypHw1DNwwWTJ30GKxcAcy2bpV8xQgi;Kiley;Caldarera;kiley.caldarera@aol.com;;TRUE;en;system;system
14;gruta;$2a$10$9qvrWOjwL2qEj.K11eqWeesmMLwp8HYu4cYrZL2quJBjD3OwSQXwW;Graciela;Ruta;gruta@cox.net;;TRUE;en;system;system
15;calbares;$2a$10$t73hhyABT4dlTfySbKOQEuk.GRAiZ6f70D0Fqa1.zp37O/XpgrOTC;Cammy;Albares;calbares@gmail.com;;TRUE;en;system;system
16;mpoquette;$2a$10$fs3y.REvGku6VWr98yg2Pu/FJsuqovB6M6GrcVzUcsyv4dgxvIhCm;Mattie;Poquette;mattie@aol.com;;TRUE;en;system;system
17;mgarufi;$2a$10$tTYC6.fq5dtLD8RX2kpK6.q9Z6AeTTmFv8WGjw6iREXbAIf1BkWze;Meaghan;Garufi;meaghan@hotmail.com;;TRUE;en;system;system
18;grim;$2a$10$c/TfDayDswNiWnVkgGzuvO0dDn4s9xOhZUThLgqRoNd7QglfuYrxW;Gladys;Rim;gladys.rim@rim.org;;TRUE;en;system;system
19;ywhobrey;$2a$10$PscDD2FCFD/daQhQkyv24er/8s6XOHKk3b5DcaqhJ7.Atqo6jzye2;Yuki;Whobrey;yuki_whobrey@aol.com;;TRUE;en;system;system
20;fflosi;$2a$10$zyFMlHIpvUkPE9NVL0C6keQ0QdDRQrMU0o1xBe2Vb7K4mWxN8G3y;Fletcher;Flosi;fletcher.flosi@yahoo.com;;TRUE;en;system;system
21;bnicka;$2a$10$6u4KPsQkz6WYC/MPmw94veHkc.uqib3gXJkNm11JYCFOMcWMJCn5i;Bette;Nicka;bette_nicka@cox.net;;TRUE;en;system;system
22;vinouye;$2a$10$IRKwCj7Hjfw3RyRSdjpYHOPSxj7r2W7XRBniw6yhixBphpvHE1UTm;Veronika;Inouye;vinouye@aol.com;;TRUE;en;system;system
23;wkolmetz;$2a$10$UbL4Q55wr8IrjugWlRxu9O9DoKN0tAsG/cBfAQFbnPhY7co3caGAq;Willard;Kolmetz;willard@hotmail.com;;TRUE;en;system;system
24;mroyster;$2a$10$LkgNEF1KBTEhJX8hr3Jp8OlQP3Efu1tE8j/EqjviB37Ofm9vg81ye;Maryann;Royster;mroyster@royster.com;;TRUE;en;system;system
25;aslusarski;$2a$10$ibnTO1Sc4vZT.KRF9fGCbeSOOrWB2vERyxuTMJQ5COaL4hGxQLiCK;Alisha;Slusarski;alisha@slusarski.com;;TRUE;en;system;system
26;aiturbide;$2a$10$TP3sOr0SZH0t.dfqM7FCKuMFYT76GZ0vthbOdm6dRWEUlsOLUNgI.;Allene;Iturbide;allene_iturbide@cox.net;;TRUE;en;system;system
27;ccaudy;$2a$10$kd4zpVZDlKLFdEJdgGyqYePWxN0UVhS2hml5nVCq7YLK6cag0.DMS;Chanel;Caudy;chanel.caudy@caudy.org;;TRUE;en;system;system
28;echui;$2a$10$ls1OGbJ61tYda17LXl1EQOcNCuWqubdUfjW/.lN4H5BljPOoi/inO;Ezekiel;Chui;ezekiel@chui.com;;TRUE;en;system;system
29;wkusko;$2a$10$Rp5pb3/hy6a2UDWgkQj3gOwdZzj5.MVRz60S9F6q0.fnZXFVUdvqO;Willow;Kusko;wkusko@yahoo.com;;TRUE;en;system;system
30;ecressvan;$2a$10$ZBfsSLVBIFLT61yVMSqIpulOqkimKFBwq2TCfMziJEjWOYMAsyye6;Edith;Cressvan;ecressvan@neptunebank.com;;TRUE;en;system;system
31;pwindsor;$2a$10$xnT..TL5J.DwPm.0GDqjkOAriWCE1y9/A0o4asEiaQ28FJwAiji6S;Paula;Windsor;pwindsor@neptunebank.com;;TRUE;en;system;system
32;kawad;$2a$10$Ua5b36nr3GawVjLSPyr.guBT/TBy9qIewdV/9rugZtZDKMBz2eHnS;Kamal;Awad;kawad@neptunebank.com;;TRUE;en;system;system
33;mkonate;$2a$10$oMYWCPeF1CvdIQLurXdzruwLp9e2hIz28.RI8lPCE071omK.rEmQm;Moussa;Konate;mkonate@neptunebank.com;;TRUE;en;system;system
34;jhayes;$2a$10$Ein8WZ80XsdC9ly.eTMYGedPWyC6S.4E9mVUy3akSUqpwjZ3A8kuu;Josiane;Hayes;jhayes@neptunebank.com;;TRUE;en;system;system
35;awu;$2a$10$10h6vITXT1TxlSKSf8gAh..TD/CmKB0TeqLG/.uqxaVF2KX1CVomy;Angela;Wu;awu@neptunebank.com;;TRUE;en;system;system
36;lchang;$2a$10$VeYx6YnexLREYbO9INMNne8r4KlgO2expk64wzIMoXfYDskfukB8O;Leslie;Chang;lchang@neptunebank.com;;TRUE;en;system;system
37;pcosta;$2a$10$fU726KiW6mL4WGQdxjdBgev6CM3gehZ/c9ywFx139w9rw261sXG02;Paulo;Costa;pcosta@neptunebank.com;;TRUE;en;system;system
38;jbonano;$2a$10$AeFDXOjcEnzzzdH.QvtOc.wfweqDJ.h.7lKiQOjQeUQmKLz64eXFu;Joe;Bonano;jbonano@neptunebank.com;;TRUE;en;system;system
39;akunjus;$2a$10$wQvFrIGdY1C58ZpTacjN0utjN3bShaUdHCFEUX25Txlt6Vk3QpzLO;Aashna;Kunjus;akunjus@neptunebank.com;;TRUE;en;system;system
40;jprescarelo;$2a$10$TslXT0vJ7BKxV795khKjM.dVRvDb/kNeEN77uup80yxJDxD/UQHR6;John;Pescarelo;jprescarelo@neptunebank.com;;TRUE;en;system;system
41;asmith;$2a$10$Vvy/Iie7f9VPIhlLCW06VulHwe5HZrWXr9/0ddKMXBDpJYGijaY3q;Anick;Smith;asmith@neptunebank.com;;TRUE;en;system;system
42;jkarr;$2a$10$3o0ImYxlP6JVw6rew7NpBOkof8/1RP7gX.f9F3bOGNzCNkr79bUXa;Jane;Karr;jkarr@neptunebank.com;;TRUE;en;system;system
43;msingh;$2a$10$IvVQ6ugYRouEUEMAiD6G1.uowGoCCkta6yT7HY4whb1k93MG4NPie;Mehta;Singh;msingh@neptunebank.com;;TRUE;en;system;system
44;hlu;$2a$10$zRtf6Uz7Pjy47x.Ta2DmmunGntsmVTpI4oKeLv2PKxuQ0Tmqguej6;Harry;Lu;hlu@neptunebank.com;;TRUE;en;system;system
45;rbaird;$2a$10$WhxNoCZVdwMg6cXXFPfrhOG1BQFAR1rcbD4EF8QvKBbYHG0s5ZNSq;Robyn;Baird;rbaird@neptunebank.com;;TRUE;en;system;system
